degree,num_advice,num_rot,num_xor,num_xorandn,num_fixed,num_keccak,proof_time,proof_size,verify_time
17,98,7,15,8,1,100,62.866665791s,26464,20.039333ms
18,52,4,8,4,1,100,66.712183791s,14592,8.185041ms
19,26,2,4,2,1,100,67.457106625s,7808,6.57525ms
20,13,1,2,1,1,100,78.648581875s,4288,4.653ms
21,10,1,1,1,1,100,135.924828916s,3616,34.098375ms
