degree,total_advice,num_rlc_chip,num_default,num_lookup,num_fixed,num_keccak,num_xor,num_xorandn,proof_time,proof_size,verify_time
17,154,2,25,1,1,9,19, 10, 90.926174125s,41056,26.717083ms
18,81,1,13,1,1,5,10, 5, 97.3238405s,22240,29.222583ms
19,46,1,7,1,1,3,5, 3, 118.600664375s,13056,57.429833ms
20,30,1,4,1,1,2,3, 2, 188.939494583s,8864,58.862666ms
21,18,1,2,1,1,1,2, 1, 220.89308575s,5568,509.055375ms
22,14,1,1,1,1,1,1, 1, 460.777061958s,4480,151.182583ms
